년월,생태구역,연안명칭,해수수질기준,저층수온,저층염분,저층DO,표층DIN,표층DIP,표층Chl-a,표층투명도,수거량,수거량2,정화면적,일별처리량,시설용량(톤/일)(A),방류BOD(mg/L)평균,"평균
처리효율
(%)",방류COD(mg/L)평균,방류SS(mg/L)평균,방류T-N(mg/L)평균,방류T-P(mg/L)평균,방류대장균군수(개/mL)평균
201702,동해,거진연안,1,10.2312,34.3175,9.097060966,69.49600000000001,10.447000000000001,0.688,13,420.6451613,114.43,26,650.5054795,1971.25,1.805588235,0.996308028,10.17944853,1.9902819040000002,7.197561597000001,0.32369755699999997,80.04578431
201702,동해,거진연안,1,9.8817,34.3363,9.280671371,66.752,9.3,0.0,9,420.6451613,114.43,26,650.5054795,1971.25,1.805588235,0.996308028,10.17944853,1.9902819040000002,7.197561597000001,0.32369755699999997,80.04578431
